<application>
  <component name="CodeFoldingSettings">
    <option name="COLLAPSE_IMPORTS" value="false" />
  </component>
  <component name="CodeInsightSettings">
    <option name="PARAMETER_INFO_DELAY" value="500" />
    <option name="AUTO_POPUP_JAVADOC_INFO" value="true" />
    <option name="JAVADOC_INFO_DELAY" value="500" />
    <option name="COMPLETION_CASE_SENSITIVE" value="2" />
    <option name="OPTIMIZE_IMPORTS_ON_THE_FLY" value="true" />
    <option name="ADD_UNAMBIGIOUS_IMPORTS_ON_THE_FLY" value="true" />
  </component>
  <component name="DaemonCodeAnalyzerSettings">
    <option name="ERROR_STRIPE_MARK_MIN_HEIGHT" value="3" />
  </component>
  <component name="DefaultFont">
    <option name="FONT_SIZE" value="19" />
    <option name="FONT_FAMILY" value="Lucida Grande" />
    <option name="LINE_SPACING" value="1.5" />
    <option name="USE_LIGATURES" value="true" />
  </component>
  <component name="EditorSettings">
    <option name="languageBreadcrumbsMap">
      <map>
        <entry key="JAVA" value="true" />
      </map>
    </option>
    <option name="IS_CARET_INSIDE_TABS" value="true" />
    <option name="SHOW_BREADCRUMBS_ABOVE" value="true" />
  </component>
  <component name="JavaCodeFoldingSettings">
    <option name="collapseConstructorGenericParameters" value="false" />
  </component>
</application>