<application>
  <component name="GitRememberedInputs">
    <option name="visitedUrls">
      <list>
        <UrlAndUserName>
          <option name="url" value="https://github.com/loiane/ibatis-helloworld.git" />
          <option name="userName" value="" />
        </UrlAndUserName>
        <UrlAndUserName>
          <option name="url" value="https://github.com/zhangCFinder/JavaIO.git" />
          <option name="userName" value="" />
        </UrlAndUserName>
        <UrlAndUserName>
          <option name="url" value="https://github.com/zhangCFinder/JavaThead.git" />
          <option name="userName" value="" />
        </UrlAndUserName>
        <UrlAndUserName>
          <option name="url" value="ssh://zhangchao@10.10.1.19:29418/BICG.git" />
          <option name="userName" value="" />
        </UrlAndUserName>
        <UrlAndUserName>
          <option name="url" value="https://github.com/zhangCFinder/ItcastOA_Maven.git" />
          <option name="userName" value="" />
        </UrlAndUserName>
        <UrlAndUserName>
          <option name="url" value="https://github.com/zhangCFinder/SM_Maven.git" />
          <option name="userName" value="" />
        </UrlAndUserName>
        <UrlAndUserName>
          <option name="url" value="ssh://zhangchao@10.10.1.19:29418/bass.git" />
          <option name="userName" value="" />
        </UrlAndUserName>
        <UrlAndUserName>
          <option name="url" value="ssh://zhangchao@10.10.1.19:29418/cinema_app.git" />
          <option name="userName" value="" />
        </UrlAndUserName>
        <UrlAndUserName>
          <option name="url" value="ssh://zhangchao@10.10.1.19:29418/basicdata.git" />
          <option name="userName" value="" />
        </UrlAndUserName>
        <UrlAndUserName>
          <option name="url" value="ssh://zhangchao@10.10.1.19:29418/hardware_service.git" />
          <option name="userName" value="" />
        </UrlAndUserName>
        <UrlAndUserName>
          <option name="url" value="ssh://zhangchao@10.10.1.19:29418/api_service.git" />
          <option name="userName" value="" />
        </UrlAndUserName>
        <UrlAndUserName>
          <option name="url" value="ssh://zhangchao@10.10.1.19:29418/SM_DataService.git" />
          <option name="userName" value="" />
        </UrlAndUserName>
        <UrlAndUserName>
          <option name="url" value="https://github.com/spring-projects/spring-boot.git" />
          <option name="userName" value="" />
        </UrlAndUserName>
        <UrlAndUserName>
          <option name="url" value="ssh://zhangchao@10.10.1.19:29418/KpiDataService.git" />
          <option name="userName" value="" />
        </UrlAndUserName>
        <UrlAndUserName>
          <option name="url" value="ssh://zhangchao@10.10.1.19:29418/datasync.git" />
          <option name="userName" value="" />
        </UrlAndUserName>
        <UrlAndUserName>
          <option name="url" value="git@172.16.3.3:BI/contemporary.git" />
          <option name="userName" value="" />
        </UrlAndUserName>
        <UrlAndUserName>
          <option name="url" value="ssh://zhangchao@10.10.1.19:29418/KpiService_DGP.git" />
          <option name="userName" value="" />
        </UrlAndUserName>
        <UrlAndUserName>
          <option name="url" value="git@172.16.3.3:BI/lastCentury.git" />
          <option name="userName" value="" />
        </UrlAndUserName>
        <UrlAndUserName>
          <option name="url" value="ssh://zhangchao@10.10.1.19:29418/backStageIndex.git" />
          <option name="userName" value="" />
        </UrlAndUserName>
        <UrlAndUserName>
          <option name="url" value="https://39.100.91.15:8443/r/headdev/Box_Backend.git" />
          <option name="userName" value="" />
        </UrlAndUserName>
        <UrlAndUserName>
          <option name="url" value="http://39.100.91.15:8443" />
          <option name="userName" value="zhangchao" />
        </UrlAndUserName>
        <UrlAndUserName>
          <option name="url" value="http://101.200.218.39:9190/forestprt/pdrm-manager.git" />
          <option name="userName" value="" />
        </UrlAndUserName>
        <UrlAndUserName>
          <option name="url" value="http://101.200.218.39:9190" />
          <option name="userName" value="zhangc" />
        </UrlAndUserName>
        <UrlAndUserName>
          <option name="url" value="git@101.200.218.39:forestprt/pdrm-manager.git" />
          <option name="userName" value="" />
        </UrlAndUserName>
        <UrlAndUserName>
          <option name="url" value="https://github.com/lightningMan/flash-netty.git" />
          <option name="userName" value="" />
        </UrlAndUserName>
        <UrlAndUserName>
          <option name="url" value="https://github.com/spring-projects/spring-framework.git" />
          <option name="userName" value="" />
        </UrlAndUserName>
      </list>
    </option>
    <option name="cloneParentDir" value="$USER_HOME$/Documents/Workspaces" />
  </component>
</application>